USE [OnlineBookStore]
GO
SET IDENTITY_INSERT [dbo].[Books] ON 
GO
INSERT [dbo].[Books] ([BookId], [Title], [AuthorName], [Description], [Price], [ImageUrl], [TypeId], [BookTypeName], [StockQuantity], [IsActive], [PublishedDate]) VALUES (1004, N'James', N'Percival Evert', NULL, CAST(620.00 AS Decimal(10, 2)), N'images/jamesbooks.jpg', 3, NULL, 70, 1, CAST(N'2025-05-12' AS Date))
GO
INSERT [dbo].[Books] ([BookId], [Title], [AuthorName], [Description], [Price], [ImageUrl], [TypeId], [BookTypeName], [StockQuantity], [IsActive], [PublishedDate]) VALUES (1005, N'The Emperor of gladness', N'Ocean Vuong ', NULL, CAST(320.00 AS Decimal(10, 2)), N'images/the emperor of gladness book.jpg', 3, NULL, 64, 1, CAST(N'2025-05-12' AS Date))
GO
INSERT [dbo].[Books] ([BookId], [Title], [AuthorName], [Description], [Price], [ImageUrl], [TypeId], [BookTypeName], [StockQuantity], [IsActive], [PublishedDate]) VALUES (1006, N'Great Big Beautiful Life ', N'Emily Henry', NULL, CAST(260.00 AS Decimal(10, 2)), N'images/great big beau book.jpg', 3, NULL, 50, 1, CAST(N'2025-05-12' AS Date))
GO
INSERT [dbo].[Books] ([BookId], [Title], [AuthorName], [Description], [Price], [ImageUrl], [TypeId], [BookTypeName], [StockQuantity], [IsActive], [PublishedDate]) VALUES (1007, N'Onyx Storm', N'Rebecca Yarros', NULL, CAST(410.00 AS Decimal(10, 2)), N'images/onyx storm books.jpg', 3, NULL, 40, 1, CAST(N'2025-05-12' AS Date))
GO
INSERT [dbo].[Books] ([BookId], [Title], [AuthorName], [Description], [Price], [ImageUrl], [TypeId], [BookTypeName], [StockQuantity], [IsActive], [PublishedDate]) VALUES (1008, N'Atmosphere ', N'Taylor Jenkins Reid', NULL, CAST(300.00 AS Decimal(10, 2)), N'images/the atmosphere book.jpg', 3, NULL, 20, 1, CAST(N'2025-05-12' AS Date))
GO
INSERT [dbo].[Books] ([BookId], [Title], [AuthorName], [Description], [Price], [ImageUrl], [TypeId], [BookTypeName], [StockQuantity], [IsActive], [PublishedDate]) VALUES (1009, N'The Let Them Theory', N'Mel Robbins', NULL, CAST(299.00 AS Decimal(10, 2)), N'images/the let them book.jpg', 2, NULL, 58, 1, CAST(N'2025-05-12' AS Date))
GO
INSERT [dbo].[Books] ([BookId], [Title], [AuthorName], [Description], [Price], [ImageUrl], [TypeId], [BookTypeName], [StockQuantity], [IsActive], [PublishedDate]) VALUES (1010, N'The Lost Girls of Autism ', N'Gine Rippon', NULL, CAST(399.00 AS Decimal(10, 2)), N'images/the lost girls book.jpg', 2, NULL, 50, 1, CAST(N'2025-05-12' AS Date))
GO
INSERT [dbo].[Books] ([BookId], [Title], [AuthorName], [Description], [Price], [ImageUrl], [TypeId], [BookTypeName], [StockQuantity], [IsActive], [PublishedDate]) VALUES (1011, N'Protocols:An Operating Manual for the Human Body ', N'Andrew D.Huberman', NULL, CAST(560.00 AS Decimal(10, 2)), N'images/porotcols books.jpg', 2, NULL, 80, 1, CAST(N'2025-05-12' AS Date))
GO
INSERT [dbo].[Books] ([BookId], [Title], [AuthorName], [Description], [Price], [ImageUrl], [TypeId], [BookTypeName], [StockQuantity], [IsActive], [PublishedDate]) VALUES (1012, N'The Science of Racism ', N'Keon West ', NULL, CAST(400.00 AS Decimal(10, 2)), N'images/the silent pat book.jpg', 2, NULL, 71, 1, CAST(N'2025-05-12' AS Date))
GO
INSERT [dbo].[Books] ([BookId], [Title], [AuthorName], [Description], [Price], [ImageUrl], [TypeId], [BookTypeName], [StockQuantity], [IsActive], [PublishedDate]) VALUES (1013, N'The Eyes of Gaza ', N'Plestia Alaqad', NULL, CAST(300.00 AS Decimal(10, 2)), N'images/the eyes of gaza book.jpg', 2, NULL, 49, 1, CAST(N'2025-05-12' AS Date))
GO
INSERT [dbo].[Books] ([BookId], [Title], [AuthorName], [Description], [Price], [ImageUrl], [TypeId], [BookTypeName], [StockQuantity], [IsActive], [PublishedDate]) VALUES (1014, N'Silve-Poems', N'Rowan Ricardo Phill', NULL, CAST(280.00 AS Decimal(10, 2)), N'images/silver book.jpg', 10, NULL, 30, 1, CAST(N'2025-05-12' AS Date))
GO
INSERT [dbo].[Books] ([BookId], [Title], [AuthorName], [Description], [Price], [ImageUrl], [TypeId], [BookTypeName], [StockQuantity], [IsActive], [PublishedDate]) VALUES (1015, N'Judas Goat ', N'Gabrielle Bates', NULL, CAST(500.00 AS Decimal(10, 2)), N'images/lush and master book.jpg', 10, NULL, 16, 1, CAST(N'2025-05-12' AS Date))
GO
INSERT [dbo].[Books] ([BookId], [Title], [AuthorName], [Description], [Price], [ImageUrl], [TypeId], [BookTypeName], [StockQuantity], [IsActive], [PublishedDate]) VALUES (1016, N'The Gone Thing ', N'Monica McClure', NULL, CAST(299.00 AS Decimal(10, 2)), N'images/the gone thing books.jpg', 10, NULL, 65, 1, CAST(N'2025-05-13' AS Date))
GO
INSERT [dbo].[Books] ([BookId], [Title], [AuthorName], [Description], [Price], [ImageUrl], [TypeId], [BookTypeName], [StockQuantity], [IsActive], [PublishedDate]) VALUES (1017, N'Modern Poetry', N'Diane Seuss', NULL, CAST(499.00 AS Decimal(10, 2)), N'images/modern poetry book.jpg', 10, NULL, 80, 1, CAST(N'2025-05-13' AS Date))
GO
INSERT [dbo].[Books] ([BookId], [Title], [AuthorName], [Description], [Price], [ImageUrl], [TypeId], [BookTypeName], [StockQuantity], [IsActive], [PublishedDate]) VALUES (1018, N'After You Were I Am ', N'Martina Evans', NULL, CAST(430.00 AS Decimal(10, 2)), N'images/evolution book.jpg', 10, NULL, 50, 1, CAST(N'2025-05-13' AS Date))
GO
INSERT [dbo].[Books] ([BookId], [Title], [AuthorName], [Description], [Price], [ImageUrl], [TypeId], [BookTypeName], [StockQuantity], [IsActive], [PublishedDate]) VALUES (1019, N'Hope', N'Pope Francis', NULL, CAST(399.00 AS Decimal(10, 2)), N'images/hope book.jpg', 6, NULL, 40, 1, CAST(N'2025-05-13' AS Date))
GO
INSERT [dbo].[Books] ([BookId], [Title], [AuthorName], [Description], [Price], [ImageUrl], [TypeId], [BookTypeName], [StockQuantity], [IsActive], [PublishedDate]) VALUES (1020, N'Matriarch', N'Tina Knowles', NULL, CAST(600.00 AS Decimal(10, 2)), N'images/matriarch book.jpg', 6, NULL, 25, 1, CAST(N'2025-05-13' AS Date))
GO
INSERT [dbo].[Books] ([BookId], [Title], [AuthorName], [Description], [Price], [ImageUrl], [TypeId], [BookTypeName], [StockQuantity], [IsActive], [PublishedDate]) VALUES (1021, N'I Regret Almost Everything ', N'keith McNall', NULL, CAST(400.00 AS Decimal(10, 2)), N'images/i regret almost book.jpg', 6, NULL, 38, 1, CAST(N'2025-05-13' AS Date))
GO
INSERT [dbo].[Books] ([BookId], [Title], [AuthorName], [Description], [Price], [ImageUrl], [TypeId], [BookTypeName], [StockQuantity], [IsActive], [PublishedDate]) VALUES (1022, N'Karen : A Brother Remembers ', N'Kelsey Grammer', NULL, CAST(460.00 AS Decimal(10, 2)), N'images/karen book.jpg', 6, NULL, 40, 1, CAST(N'2025-05-13' AS Date))
GO
INSERT [dbo].[Books] ([BookId], [Title], [AuthorName], [Description], [Price], [ImageUrl], [TypeId], [BookTypeName], [StockQuantity], [IsActive], [PublishedDate]) VALUES (1023, N'Source Code : My Beginnings ', N'Bill Gates', NULL, CAST(500.00 AS Decimal(10, 2)), N'images/source code book.jpg', 6, NULL, 60, 1, CAST(N'2025-05-13' AS Date))
GO
INSERT [dbo].[Books] ([BookId], [Title], [AuthorName], [Description], [Price], [ImageUrl], [TypeId], [BookTypeName], [StockQuantity], [IsActive], [PublishedDate]) VALUES (1024, N'The Lion Inside ', N'Rachel Bright', NULL, CAST(200.00 AS Decimal(10, 2)), N'images/the lion book.jpg', 7, NULL, 80, 1, CAST(N'2025-05-13' AS Date))
GO
INSERT [dbo].[Books] ([BookId], [Title], [AuthorName], [Description], [Price], [ImageUrl], [TypeId], [BookTypeName], [StockQuantity], [IsActive], [PublishedDate]) VALUES (1025, N'Hop On Pop', N'Dr.Seuss', NULL, CAST(300.00 AS Decimal(10, 2)), N'images/hop on pop book.jpg', 7, NULL, 50, 1, CAST(N'2025-05-13' AS Date))
GO
INSERT [dbo].[Books] ([BookId], [Title], [AuthorName], [Description], [Price], [ImageUrl], [TypeId], [BookTypeName], [StockQuantity], [IsActive], [PublishedDate]) VALUES (1026, N'The Snail And The Whale : A Push,Pull and Slide Book', N'Julis Donaldson', NULL, CAST(310.00 AS Decimal(10, 2)), N'images/the snail and book.jpg', 7, NULL, 50, 1, CAST(N'2025-05-13' AS Date))
GO
INSERT [dbo].[Books] ([BookId], [Title], [AuthorName], [Description], [Price], [ImageUrl], [TypeId], [BookTypeName], [StockQuantity], [IsActive], [PublishedDate]) VALUES (1027, N'War Games', N'Alan Gratz', NULL, CAST(220.00 AS Decimal(10, 2)), N'images/war games book.jpg', 7, NULL, 50, 1, CAST(N'2025-05-13' AS Date))
GO
INSERT [dbo].[Books] ([BookId], [Title], [AuthorName], [Description], [Price], [ImageUrl], [TypeId], [BookTypeName], [StockQuantity], [IsActive], [PublishedDate]) VALUES (1028, N'Ella Jones vs the Sun Stealer ', N'Lucy Edwards', NULL, CAST(250.00 AS Decimal(10, 2)), N'images/ella jones book.jpg', 7, NULL, 60, 1, CAST(N'2025-05-13' AS Date))
GO
INSERT [dbo].[Books] ([BookId], [Title], [AuthorName], [Description], [Price], [ImageUrl], [TypeId], [BookTypeName], [StockQuantity], [IsActive], [PublishedDate]) VALUES (1029, N'Just Shine', N'Sonia Sotomayor', NULL, CAST(300.00 AS Decimal(10, 2)), N'images/just shine book.jpg', 7, NULL, 50, 1, CAST(N'2025-05-13' AS Date))
GO
INSERT [dbo].[Books] ([BookId], [Title], [AuthorName], [Description], [Price], [ImageUrl], [TypeId], [BookTypeName], [StockQuantity], [IsActive], [PublishedDate]) VALUES (1030, N'I Love Salmon and Lampreys : A Native Story of Resilience', N'Brook M ', NULL, CAST(300.00 AS Decimal(10, 2)), N'images/i love salmon book.jpg', 7, NULL, 50, 1, CAST(N'2025-05-13' AS Date))
GO
INSERT [dbo].[Books] ([BookId], [Title], [AuthorName], [Description], [Price], [ImageUrl], [TypeId], [BookTypeName], [StockQuantity], [IsActive], [PublishedDate]) VALUES (1032, N'Milk and honey ', N'Rupi kaur', NULL, CAST(220.00 AS Decimal(10, 2)), N'images/milk and honey book.jpg', 10, NULL, 80, 1, CAST(N'2025-05-17' AS Date))
GO
INSERT [dbo].[Books] ([BookId], [Title], [AuthorName], [Description], [Price], [ImageUrl], [TypeId], [BookTypeName], [StockQuantity], [IsActive], [PublishedDate]) VALUES (1033, N'Ariel ', N'Sylvia path', NULL, CAST(300.00 AS Decimal(10, 2)), N'images/ariel book.jpg', 10, NULL, 60, 1, CAST(N'2025-05-17' AS Date))
GO
INSERT [dbo].[Books] ([BookId], [Title], [AuthorName], [Description], [Price], [ImageUrl], [TypeId], [BookTypeName], [StockQuantity], [IsActive], [PublishedDate]) VALUES (1034, N'Life on mars ', N'TracyK. smith', NULL, CAST(320.00 AS Decimal(10, 2)), N'images/life on mars book.jpg', 10, NULL, 60, 1, CAST(N'2025-05-17' AS Date))
GO
INSERT [dbo].[Books] ([BookId], [Title], [AuthorName], [Description], [Price], [ImageUrl], [TypeId], [BookTypeName], [StockQuantity], [IsActive], [PublishedDate]) VALUES (1035, N'Black Girl Call Home', N'Jasmine Mans', NULL, CAST(410.00 AS Decimal(10, 2)), N'images/black girl book.jpg', 10, NULL, 50, 1, CAST(N'2025-05-17' AS Date))
GO
INSERT [dbo].[Books] ([BookId], [Title], [AuthorName], [Description], [Price], [ImageUrl], [TypeId], [BookTypeName], [StockQuantity], [IsActive], [PublishedDate]) VALUES (1036, N'Don''t Call Us Dead ', N'Danez Smith', NULL, CAST(200.00 AS Decimal(10, 2)), N'images/dont call us dead book.jpg', 10, NULL, 40, 1, CAST(N'2025-05-17' AS Date))
GO
INSERT [dbo].[Books] ([BookId], [Title], [AuthorName], [Description], [Price], [ImageUrl], [TypeId], [BookTypeName], [StockQuantity], [IsActive], [PublishedDate]) VALUES (1038, N'Bright Dead Things', N'Ada Limon', NULL, CAST(310.00 AS Decimal(10, 2)), N'images/bright dead book.jpg', 10, NULL, 50, 1, CAST(N'2025-05-17' AS Date))
GO
INSERT [dbo].[Books] ([BookId], [Title], [AuthorName], [Description], [Price], [ImageUrl], [TypeId], [BookTypeName], [StockQuantity], [IsActive], [PublishedDate]) VALUES (1039, N'I Wrote This For You ', N'Lain S.Thomas', NULL, CAST(260.00 AS Decimal(10, 2)), N'images/i wrote this for u book.jpg', 10, NULL, 40, 1, CAST(N'2025-05-17' AS Date))
GO
INSERT [dbo].[Books] ([BookId], [Title], [AuthorName], [Description], [Price], [ImageUrl], [TypeId], [BookTypeName], [StockQuantity], [IsActive], [PublishedDate]) VALUES (1040, N'Chameleon Aura', N'Billy Chapata', NULL, CAST(400.00 AS Decimal(10, 2)), N'images/chameleon book.jpg', 10, NULL, 50, 1, CAST(N'2025-05-17' AS Date))
GO
INSERT [dbo].[Books] ([BookId], [Title], [AuthorName], [Description], [Price], [ImageUrl], [TypeId], [BookTypeName], [StockQuantity], [IsActive], [PublishedDate]) VALUES (1041, N'Your Soul Is a River', N'Nikita Gill', NULL, CAST(500.00 AS Decimal(10, 2)), N'images/your soul is a book.jpg', 10, NULL, 60, 1, CAST(N'2025-05-17' AS Date))
GO
INSERT [dbo].[Books] ([BookId], [Title], [AuthorName], [Description], [Price], [ImageUrl], [TypeId], [BookTypeName], [StockQuantity], [IsActive], [PublishedDate]) VALUES (1042, N'The Strength In Our Scars', N'Bianca Sparacino', NULL, CAST(500.00 AS Decimal(10, 2)), N'images/the strength book.jpg', 10, NULL, 70, 1, CAST(N'2025-05-17' AS Date))
GO
INSERT [dbo].[Books] ([BookId], [Title], [AuthorName], [Description], [Price], [ImageUrl], [TypeId], [BookTypeName], [StockQuantity], [IsActive], [PublishedDate]) VALUES (1043, N'The American Roommate Experiment ', N'Elena Armas', NULL, CAST(500.00 AS Decimal(10, 2)), N'images/the american roommate book.jpg', 8, NULL, 100, 1, CAST(N'2025-05-17' AS Date))
GO
INSERT [dbo].[Books] ([BookId], [Title], [AuthorName], [Description], [Price], [ImageUrl], [TypeId], [BookTypeName], [StockQuantity], [IsActive], [PublishedDate]) VALUES (1044, N'It Ends With Us', N'Colleen Hoover', NULL, CAST(650.00 AS Decimal(10, 2)), N'images/it ends book.jpg', 8, NULL, 70, 1, CAST(N'2025-05-17' AS Date))
GO
INSERT [dbo].[Books] ([BookId], [Title], [AuthorName], [Description], [Price], [ImageUrl], [TypeId], [BookTypeName], [StockQuantity], [IsActive], [PublishedDate]) VALUES (1046, N'It Starts With Us', N'Colleen Hoover', NULL, CAST(600.00 AS Decimal(10, 2)), N'images/it starts book.jpg', 8, NULL, 70, 1, CAST(N'2025-05-17' AS Date))
GO
INSERT [dbo].[Books] ([BookId], [Title], [AuthorName], [Description], [Price], [ImageUrl], [TypeId], [BookTypeName], [StockQuantity], [IsActive], [PublishedDate]) VALUES (1047, N'LoveLight Farms', N'B.K.Borison', NULL, CAST(500.00 AS Decimal(10, 2)), N'images/lovelight farms book.jpg', 8, NULL, 80, 1, CAST(N'2025-05-17' AS Date))
GO
INSERT [dbo].[Books] ([BookId], [Title], [AuthorName], [Description], [Price], [ImageUrl], [TypeId], [BookTypeName], [StockQuantity], [IsActive], [PublishedDate]) VALUES (1048, N'Mixed Signals', N'B.K.Borison', NULL, CAST(500.00 AS Decimal(10, 2)), N'images/mixed signals book.jpg', 8, NULL, 70, 1, CAST(N'2025-05-17' AS Date))
GO
INSERT [dbo].[Books] ([BookId], [Title], [AuthorName], [Description], [Price], [ImageUrl], [TypeId], [BookTypeName], [StockQuantity], [IsActive], [PublishedDate]) VALUES (1049, N'You''ve Reached Sam ', N'Dustin Thao', NULL, CAST(500.00 AS Decimal(10, 2)), N'images/you''ve reached book.jpg', 8, NULL, 80, 1, CAST(N'2025-05-17' AS Date))
GO
INSERT [dbo].[Books] ([BookId], [Title], [AuthorName], [Description], [Price], [ImageUrl], [TypeId], [BookTypeName], [StockQuantity], [IsActive], [PublishedDate]) VALUES (1050, N'From Blood And Ash', N'Jennifer L.Armentrout', NULL, CAST(800.00 AS Decimal(10, 2)), N'images/from blood and ash book.jpg', 8, NULL, 60, 1, CAST(N'2025-05-17' AS Date))
GO
INSERT [dbo].[Books] ([BookId], [Title], [AuthorName], [Description], [Price], [ImageUrl], [TypeId], [BookTypeName], [StockQuantity], [IsActive], [PublishedDate]) VALUES (1051, N'The Family Upstairs-One House,Two Families,Three Bodies', N'Lisa Jewell', NULL, CAST(599.00 AS Decimal(10, 2)), N'images/the family up book.jpg', 9, NULL, 50, 1, CAST(N'2025-05-17' AS Date))
GO
INSERT [dbo].[Books] ([BookId], [Title], [AuthorName], [Description], [Price], [ImageUrl], [TypeId], [BookTypeName], [StockQuantity], [IsActive], [PublishedDate]) VALUES (1052, N'The Housemaid', N'Freida Mc Fadden', NULL, CAST(399.00 AS Decimal(10, 2)), N'images/the housemaid book.jpg', 9, NULL, 60, 1, CAST(N'2025-05-17' AS Date))
GO
INSERT [dbo].[Books] ([BookId], [Title], [AuthorName], [Description], [Price], [ImageUrl], [TypeId], [BookTypeName], [StockQuantity], [IsActive], [PublishedDate]) VALUES (1053, N'The Girl In Room 105', N'Chetan Bhagat', NULL, CAST(600.00 AS Decimal(10, 2)), N'images/the girl in room book.jpg', 9, NULL, 80, 1, CAST(N'2025-05-17' AS Date))
GO
INSERT [dbo].[Books] ([BookId], [Title], [AuthorName], [Description], [Price], [ImageUrl], [TypeId], [BookTypeName], [StockQuantity], [IsActive], [PublishedDate]) VALUES (1054, N'Never Lie', N'Freida Mc Fadden', NULL, CAST(800.00 AS Decimal(10, 2)), N'images/never lie book.jpg', 9, NULL, 52, 1, CAST(N'2025-05-17' AS Date))
GO
INSERT [dbo].[Books] ([BookId], [Title], [AuthorName], [Description], [Price], [ImageUrl], [TypeId], [BookTypeName], [StockQuantity], [IsActive], [PublishedDate]) VALUES (1055, N'The Silent Patient', N'Alex Michaelides', NULL, CAST(499.00 AS Decimal(10, 2)), N'images/the silent pat book.jpg', 9, NULL, 50, 1, CAST(N'2025-05-17' AS Date))
GO
INSERT [dbo].[Books] ([BookId], [Title], [AuthorName], [Description], [Price], [ImageUrl], [TypeId], [BookTypeName], [StockQuantity], [IsActive], [PublishedDate]) VALUES (1056, N'That Night', N'Nidhi Upadhaya ', NULL, CAST(599.00 AS Decimal(10, 2)), N'images/that night book.jpg', 9, NULL, 70, 1, CAST(N'2025-05-17' AS Date))
GO
INSERT [dbo].[Books] ([BookId], [Title], [AuthorName], [Description], [Price], [ImageUrl], [TypeId], [BookTypeName], [StockQuantity], [IsActive], [PublishedDate]) VALUES (1057, N'The She Was Gone', N'Lisa Jewell', NULL, CAST(799.00 AS Decimal(10, 2)), N'images/then she was book.jpg', 9, NULL, 50, 1, CAST(N'2025-05-17' AS Date))
GO
INSERT [dbo].[Books] ([BookId], [Title], [AuthorName], [Description], [Price], [ImageUrl], [TypeId], [BookTypeName], [StockQuantity], [IsActive], [PublishedDate]) VALUES (1058, N'Ghosts Of The Silent Hills', N'Anita Krishan', NULL, CAST(500.00 AS Decimal(10, 2)), N'images/ghosts of the book.jpg', 9, NULL, 70, 1, CAST(N'2025-05-17' AS Date))
GO
INSERT [dbo].[Books] ([BookId], [Title], [AuthorName], [Description], [Price], [ImageUrl], [TypeId], [BookTypeName], [StockQuantity], [IsActive], [PublishedDate]) VALUES (1059, N'I Hear You', N'Nidhi Upadhaya', NULL, CAST(599.00 AS Decimal(10, 2)), N'images/i hear you book.jpg', 9, NULL, 80, 1, CAST(N'2025-05-17' AS Date))
GO
INSERT [dbo].[Books] ([BookId], [Title], [AuthorName], [Description], [Price], [ImageUrl], [TypeId], [BookTypeName], [StockQuantity], [IsActive], [PublishedDate]) VALUES (1060, N'The Perfect Murder', N'Ruskin Bond', NULL, CAST(599.00 AS Decimal(10, 2)), N'images/the perfect book.jpg', 9, NULL, 40, 1, CAST(N'2025-05-17' AS Date))
GO
INSERT [dbo].[Books] ([BookId], [Title], [AuthorName], [Description], [Price], [ImageUrl], [TypeId], [BookTypeName], [StockQuantity], [IsActive], [PublishedDate]) VALUES (1061, N'Whispers From A Crave', N'Tamanna Sharma', NULL, CAST(500.00 AS Decimal(10, 2)), N'images/whispers from the grave book.jpg', 9, NULL, 70, 1, CAST(N'2025-05-17' AS Date))
GO
INSERT [dbo].[Books] ([BookId], [Title], [AuthorName], [Description], [Price], [ImageUrl], [TypeId], [BookTypeName], [StockQuantity], [IsActive], [PublishedDate]) VALUES (1062, N'Dark Matter', N'Blake Crouch ', NULL, CAST(599.00 AS Decimal(10, 2)), N'images/dark matter book.jpg', 9, NULL, 80, 1, CAST(N'2025-05-17' AS Date))
GO
INSERT [dbo].[Books] ([BookId], [Title], [AuthorName], [Description], [Price], [ImageUrl], [TypeId], [BookTypeName], [StockQuantity], [IsActive], [PublishedDate]) VALUES (1063, N'Price and Prejudice ', N'Jane Austen', NULL, CAST(260.00 AS Decimal(10, 2)), N'images/pride and prejudice book.jpg', 3, NULL, 40, 1, CAST(N'2025-05-20' AS Date))
GO
INSERT [dbo].[Books] ([BookId], [Title], [AuthorName], [Description], [Price], [ImageUrl], [TypeId], [BookTypeName], [StockQuantity], [IsActive], [PublishedDate]) VALUES (1064, N'To Kill A Mockingbird', N'Harper Lee', NULL, CAST(410.00 AS Decimal(10, 2)), N'images/to kill amockin book.jpg', 3, NULL, 80, 1, CAST(N'2025-05-20' AS Date))
GO
INSERT [dbo].[Books] ([BookId], [Title], [AuthorName], [Description], [Price], [ImageUrl], [TypeId], [BookTypeName], [StockQuantity], [IsActive], [PublishedDate]) VALUES (1065, N'The Night Circus', N'Erin Morgesntern', NULL, CAST(520.00 AS Decimal(10, 2)), N'images/night circus book.jpg', 3, NULL, 66, 1, CAST(N'2025-05-20' AS Date))
GO
INSERT [dbo].[Books] ([BookId], [Title], [AuthorName], [Description], [Price], [ImageUrl], [TypeId], [BookTypeName], [StockQuantity], [IsActive], [PublishedDate]) VALUES (1066, N'The Midnight Library', N'Matt Haig', NULL, CAST(300.00 AS Decimal(10, 2)), N'images/the midnight book.jpg', 3, NULL, 50, 1, CAST(N'2025-05-20' AS Date))
GO
INSERT [dbo].[Books] ([BookId], [Title], [AuthorName], [Description], [Price], [ImageUrl], [TypeId], [BookTypeName], [StockQuantity], [IsActive], [PublishedDate]) VALUES (1067, N'Where the CrawdadS Sing', N'Delia Owens', NULL, CAST(350.00 AS Decimal(10, 2)), N'images/where the craw book.jpg', 3, NULL, 60, 1, CAST(N'2025-05-20' AS Date))
GO
INSERT [dbo].[Books] ([BookId], [Title], [AuthorName], [Description], [Price], [ImageUrl], [TypeId], [BookTypeName], [StockQuantity], [IsActive], [PublishedDate]) VALUES (1068, N'Becoming ', N'Michelle Obama', NULL, CAST(699.00 AS Decimal(10, 2)), N'images/becoming book.jpg', 2, NULL, 60, 1, CAST(N'2025-05-20' AS Date))
GO
INSERT [dbo].[Books] ([BookId], [Title], [AuthorName], [Description], [Price], [ImageUrl], [TypeId], [BookTypeName], [StockQuantity], [IsActive], [PublishedDate]) VALUES (1069, N'Steve Jobs ', N'Walter Isaacson', NULL, CAST(620.00 AS Decimal(10, 2)), N'images/steve jobe book.jpg', 2, NULL, 50, 1, CAST(N'2025-05-20' AS Date))
GO
INSERT [dbo].[Books] ([BookId], [Title], [AuthorName], [Description], [Price], [ImageUrl], [TypeId], [BookTypeName], [StockQuantity], [IsActive], [PublishedDate]) VALUES (1070, N'Educated', N'Tara Westover', NULL, CAST(399.00 AS Decimal(10, 2)), N'images/educated book.jpg', 2, NULL, 49, 1, CAST(N'2025-05-20' AS Date))
GO
INSERT [dbo].[Books] ([BookId], [Title], [AuthorName], [Description], [Price], [ImageUrl], [TypeId], [BookTypeName], [StockQuantity], [IsActive], [PublishedDate]) VALUES (1071, N'When Breath Becomes Air ', N'Paul Kalanithi', NULL, CAST(499.00 AS Decimal(10, 2)), N'images/when breadth book.jpg', 2, NULL, 58, 1, CAST(N'2025-05-20' AS Date))
GO
INSERT [dbo].[Books] ([BookId], [Title], [AuthorName], [Description], [Price], [ImageUrl], [TypeId], [BookTypeName], [StockQuantity], [IsActive], [PublishedDate]) VALUES (1072, N'Long Walk to Freedom', N'Nelson Mandela', NULL, CAST(299.00 AS Decimal(10, 2)), N'images/long walk book.jpg', 2, NULL, 48, 1, CAST(N'2025-05-20' AS Date))
GO
INSERT [dbo].[Books] ([BookId], [Title], [AuthorName], [Description], [Price], [ImageUrl], [TypeId], [BookTypeName], [StockQuantity], [IsActive], [PublishedDate]) VALUES (1073, N'My Journey', N'A.P.J.Abdul Kalam', NULL, CAST(450.00 AS Decimal(10, 2)), N'images/my journey book.jpg', 6, NULL, 50, 1, CAST(N'2025-05-20' AS Date))
GO
INSERT [dbo].[Books] ([BookId], [Title], [AuthorName], [Description], [Price], [ImageUrl], [TypeId], [BookTypeName], [StockQuantity], [IsActive], [PublishedDate]) VALUES (1075, N'The Book Of Life', N'J.Krishnamurthi', NULL, CAST(599.00 AS Decimal(10, 2)), N'images/the book of life book.jpg', 6, NULL, 80, 1, CAST(N'2025-05-20' AS Date))
GO
INSERT [dbo].[Books] ([BookId], [Title], [AuthorName], [Description], [Price], [ImageUrl], [TypeId], [BookTypeName], [StockQuantity], [IsActive], [PublishedDate]) VALUES (1076, N'The Great Train Journey', N'Ruskin Bond', NULL, CAST(299.00 AS Decimal(10, 2)), N'images/the great tarin book.jpg', 6, NULL, 56, 1, CAST(N'2025-05-20' AS Date))
GO
INSERT [dbo].[Books] ([BookId], [Title], [AuthorName], [Description], [Price], [ImageUrl], [TypeId], [BookTypeName], [StockQuantity], [IsActive], [PublishedDate]) VALUES (1077, N'The Story of 1868 to 2021-TATA', N'Peter Casey', NULL, CAST(599.00 AS Decimal(10, 2)), N'images/the story of tata book.jpg', 6, NULL, 90, 1, CAST(N'2025-05-20' AS Date))
GO
INSERT [dbo].[Books] ([BookId], [Title], [AuthorName], [Description], [Price], [ImageUrl], [TypeId], [BookTypeName], [StockQuantity], [IsActive], [PublishedDate]) VALUES (1079, N'That Long Silence', N'Shashi Deshpande', NULL, CAST(499.00 AS Decimal(10, 2)), N'images/that long silence book.jpg', 6, NULL, 50, 1, CAST(N'2025-05-20' AS Date))
GO
INSERT [dbo].[Books] ([BookId], [Title], [AuthorName], [Description], [Price], [ImageUrl], [TypeId], [BookTypeName], [StockQuantity], [IsActive], [PublishedDate]) VALUES (1080, N'You Only Live Once', N'Stuti Changle', NULL, CAST(399.00 AS Decimal(10, 2)), N'images/you only live book.jpg', 5, NULL, 20, 1, CAST(N'2025-05-20' AS Date))
GO
INSERT [dbo].[Books] ([BookId], [Title], [AuthorName], [Description], [Price], [ImageUrl], [TypeId], [BookTypeName], [StockQuantity], [IsActive], [PublishedDate]) VALUES (1081, N'The House Across The Lake ', N'Riley Sager', NULL, CAST(599.00 AS Decimal(10, 2)), N'images/the house across book.jpg', 5, NULL, 60, 1, CAST(N'2025-05-20' AS Date))
GO
INSERT [dbo].[Books] ([BookId], [Title], [AuthorName], [Description], [Price], [ImageUrl], [TypeId], [BookTypeName], [StockQuantity], [IsActive], [PublishedDate]) VALUES (1082, N'After Dark', N'Murakami', NULL, CAST(299.00 AS Decimal(10, 2)), N'images/murakami book.jpg', 5, NULL, 60, 1, CAST(N'2025-05-20' AS Date))
GO
INSERT [dbo].[Books] ([BookId], [Title], [AuthorName], [Description], [Price], [ImageUrl], [TypeId], [BookTypeName], [StockQuantity], [IsActive], [PublishedDate]) VALUES (1083, N'Next In Life', N'Jeffrey Archer', NULL, CAST(499.00 AS Decimal(10, 2)), N'images/next in line.jpg', 5, NULL, 80, 1, CAST(N'2025-05-20' AS Date))
GO
SET IDENTITY_INSERT [dbo].[Books] OFF
GO
SET IDENTITY_INSERT [dbo].[Users] ON 
GO
INSERT [dbo].[Users] ([userid], [Username], [password], [Firstname], [Lastname], [Address], [Phone], [MailId], [UserType]) VALUES (1, N'admin@gmail.com', N'password', N'John', N'Doe', N'123 Elm Street, Springfield', N'123-456-7890', N'admin@gmail.com', 1)
GO
INSERT [dbo].[Users] ([userid], [Username], [password], [Firstname], [Lastname], [Address], [Phone], [MailId], [UserType]) VALUES (2, N'user@gmail.com', N'password', N'Anna', N'Smith', N'456 Oak Avenue, Metropolis', N'234-567-8901', N'user@gmail.com', 2)
GO
INSERT [dbo].[Users] ([userid], [Username], [password], [Firstname], [Lastname], [Address], [Phone], [MailId], [UserType]) VALUES (3, N'bjones', N'password', N'Bob', N'Jones', N'789 Pine Road, Gotham', N'345-678-9012', N'bjones@example.com', 2)
GO
INSERT [dbo].[Users] ([userid], [Username], [password], [Firstname], [Lastname], [Address], [Phone], [MailId], [UserType]) VALUES (4, N'mjane', N'abc@321', N'Mary', N'Jane', N'321 Maple Lane, Star City', N'456-789-0123', N'mjane@example.com', 1)
GO
INSERT [dbo].[Users] ([userid], [Username], [password], [Firstname], [Lastname], [Address], [Phone], [MailId], [UserType]) VALUES (5, N'wrogers', N'winter2025', N'Will', N'Rogers', N'101 Sunset Blvd, Central City', N'567-890-1234', N'wrogers@example.com', 2)
GO
INSERT [dbo].[Users] ([userid], [Username], [password], [Firstname], [Lastname], [Address], [Phone], [MailId], [UserType]) VALUES (6, N'klee', N'sunshine22', N'Karen', N'Lee', N'202 Sunrise Ave, Coast City', N'678-901-2345', N'klee@example.com', 1)
GO
INSERT [dbo].[Users] ([userid], [Username], [password], [Firstname], [Lastname], [Address], [Phone], [MailId], [UserType]) VALUES (7, N'tparker', N'web456!', N'Tom', N'Parker', N'404 Hero Lane, Metropolis', N'789-012-3456', N'tparker@example.com', 2)
GO
INSERT [dbo].[Users] ([userid], [Username], [password], [Firstname], [Lastname], [Address], [Phone], [MailId], [UserType]) VALUES (8, N'rsanchez', N'portal1', N'Rick', N'Sanchez', N'999 Portal Way, Dimension C-137', N'890-123-4567', N'rsanchez@example.com', 3)
GO
INSERT [dbo].[Users] ([userid], [Username], [password], [Firstname], [Lastname], [Address], [Phone], [MailId], [UserType]) VALUES (9, N'mjohnson', N'password123', N'Mark', N'Johnson', N'555 Ocean Dr, San Andreas', N'901-234-5678', N'mjohnson@example.com', 1)
GO
INSERT [dbo].[Users] ([userid], [Username], [password], [Firstname], [Lastname], [Address], [Phone], [MailId], [UserType]) VALUES (10, N'elane', N'crypto999', N'Eva', N'Lane', N'909 Silicon Valley Blvd, Palo Alto', N'012-345-6789', N'elane@example.com', 2)
GO
INSERT [dbo].[Users] ([userid], [Username], [password], [Firstname], [Lastname], [Address], [Phone], [MailId], [UserType]) VALUES (11, N'rwhite', N'breakBad', N'Rick', N'White', N'100 Desert St, Albuquerque', N'213-456-7890', N'rwhite@example.com', 2)
GO
INSERT [dbo].[Users] ([userid], [Username], [password], [Firstname], [Lastname], [Address], [Phone], [MailId], [UserType]) VALUES (12, N'ssmith', N'ssPass2025', N'Susan', N'Smith', N'300 Main Street, Hill Valley', N'324-567-8901', N'ssmith@example.com', 1)
GO
INSERT [dbo].[Users] ([userid], [Username], [password], [Firstname], [Lastname], [Address], [Phone], [MailId], [UserType]) VALUES (13, N'kturner', N'test567', N'Kevin', N'Turner', N'888 River Rd, Twin Peaks', N'435-678-9012', N'kturner@example.com', 1)
GO
INSERT [dbo].[Users] ([userid], [Username], [password], [Firstname], [Lastname], [Address], [Phone], [MailId], [UserType]) VALUES (14, N'dlee', N'hello123', N'Diana', N'Lee', N'200 Liberty St, New York', N'546-789-0123', N'dlee@example.com', 2)
GO
INSERT [dbo].[Users] ([userid], [Username], [password], [Firstname], [Lastname], [Address], [Phone], [MailId], [UserType]) VALUES (15, N'amorris', N'qwerty88', N'Alan', N'Morris', N'901 Freedom Ave, Chicago', N'657-890-1234', N'amorris@example.com', 2)
GO
INSERT [dbo].[Users] ([userid], [Username], [password], [Firstname], [Lastname], [Address], [Phone], [MailId], [UserType]) VALUES (16, N'hcarter', N'newpass001', N'Helen', N'Carter', N'342 Sunshine Blvd, Miami', N'768-901-2345', N'hcarter@example.com', 1)
GO
INSERT [dbo].[Users] ([userid], [Username], [password], [Firstname], [Lastname], [Address], [Phone], [MailId], [UserType]) VALUES (17, N'bwilliams', N'testpass02', N'Bruce', N'Williams', N'473 Autumn Lane, Seattle', N'879-012-3456', N'bwilliams@example.com', 2)
GO
INSERT [dbo].[Users] ([userid], [Username], [password], [Firstname], [Lastname], [Address], [Phone], [MailId], [UserType]) VALUES (18, N'cmonroe', N'admin321', N'Cathy', N'Monroe', N'654 Winter Dr, Boston', N'980-123-4567', N'cmonroe@example.com', 3)
GO
INSERT [dbo].[Users] ([userid], [Username], [password], [Firstname], [Lastname], [Address], [Phone], [MailId], [UserType]) VALUES (19, N'dking', N'dragonfire', N'David', N'King', N'127 Castle Rd, Westeros', N'091-234-5678', N'dking@example.com', 1)
GO
INSERT [dbo].[Users] ([userid], [Username], [password], [Firstname], [Lastname], [Address], [Phone], [MailId], [UserType]) VALUES (20, N'ychoi', N'spring2025', N'Yuna', N'Choi', N'789 Blossom St, Seoul', N'102-345-6789', N'ychoi@example.com', 2)
GO
INSERT [dbo].[Users] ([userid], [Username], [password], [Firstname], [Lastname], [Address], [Phone], [MailId], [UserType]) VALUES (21, N'shanvitharaj05@gmail.com', N'123456', N'Brahamarouthu', N'Shanvitha', N'pragatinagar', N'7794060468', N'shanvitharaj05@gmail.com', 2)
GO
SET IDENTITY_INSERT [dbo].[Users] OFF
GO
SET IDENTITY_INSERT [dbo].[Cart] ON 
GO
INSERT [dbo].[Cart] ([CartId], [UserId], [BookId], [Quantity], [DateAdded], [IsActive], [UpdatedDate]) VALUES (3, 2, 1026, 1, CAST(N'2025-05-13T18:29:44.387' AS DateTime), 0, CAST(N'2025-05-13T18:29:44.387' AS DateTime))
GO
INSERT [dbo].[Cart] ([CartId], [UserId], [BookId], [Quantity], [DateAdded], [IsActive], [UpdatedDate]) VALUES (4, 2, 1025, 1, CAST(N'2025-05-13T18:29:46.407' AS DateTime), 0, CAST(N'2025-05-13T18:29:46.407' AS DateTime))
GO
INSERT [dbo].[Cart] ([CartId], [UserId], [BookId], [Quantity], [DateAdded], [IsActive], [UpdatedDate]) VALUES (5, 2, 1025, 1, CAST(N'2025-05-13T18:29:47.647' AS DateTime), 0, CAST(N'2025-05-13T18:29:47.647' AS DateTime))
GO
INSERT [dbo].[Cart] ([CartId], [UserId], [BookId], [Quantity], [DateAdded], [IsActive], [UpdatedDate]) VALUES (6, 2, 1021, 1, CAST(N'2025-05-13T18:29:49.537' AS DateTime), 0, CAST(N'2025-05-13T18:29:49.537' AS DateTime))
GO
INSERT [dbo].[Cart] ([CartId], [UserId], [BookId], [Quantity], [DateAdded], [IsActive], [UpdatedDate]) VALUES (7, 2, 1017, 1, CAST(N'2025-05-13T18:29:51.340' AS DateTime), 0, CAST(N'2025-05-13T18:29:51.340' AS DateTime))
GO
INSERT [dbo].[Cart] ([CartId], [UserId], [BookId], [Quantity], [DateAdded], [IsActive], [UpdatedDate]) VALUES (9, 2, 1030, 1, CAST(N'2025-05-13T18:32:47.333' AS DateTime), 0, CAST(N'2025-05-13T18:32:47.333' AS DateTime))
GO
INSERT [dbo].[Cart] ([CartId], [UserId], [BookId], [Quantity], [DateAdded], [IsActive], [UpdatedDate]) VALUES (10, 2, 1029, 1, CAST(N'2025-05-13T18:32:48.787' AS DateTime), 0, CAST(N'2025-05-13T18:32:48.787' AS DateTime))
GO
INSERT [dbo].[Cart] ([CartId], [UserId], [BookId], [Quantity], [DateAdded], [IsActive], [UpdatedDate]) VALUES (11, 2, 1028, 1, CAST(N'2025-05-13T18:32:49.990' AS DateTime), 0, CAST(N'2025-05-13T18:32:49.990' AS DateTime))
GO
INSERT [dbo].[Cart] ([CartId], [UserId], [BookId], [Quantity], [DateAdded], [IsActive], [UpdatedDate]) VALUES (14, 2, 1006, 1, CAST(N'2025-05-13T18:36:46.187' AS DateTime), 0, CAST(N'2025-05-13T18:36:46.187' AS DateTime))
GO
INSERT [dbo].[Cart] ([CartId], [UserId], [BookId], [Quantity], [DateAdded], [IsActive], [UpdatedDate]) VALUES (15, 2, 1005, 1, CAST(N'2025-05-13T18:36:47.387' AS DateTime), 0, CAST(N'2025-05-13T18:36:47.387' AS DateTime))
GO
INSERT [dbo].[Cart] ([CartId], [UserId], [BookId], [Quantity], [DateAdded], [IsActive], [UpdatedDate]) VALUES (16, 2, 1007, 1, CAST(N'2025-05-13T18:40:08.347' AS DateTime), 0, CAST(N'2025-05-13T18:40:08.347' AS DateTime))
GO
INSERT [dbo].[Cart] ([CartId], [UserId], [BookId], [Quantity], [DateAdded], [IsActive], [UpdatedDate]) VALUES (17, 2, 1011, 1, CAST(N'2025-05-13T18:40:09.727' AS DateTime), 0, CAST(N'2025-05-13T18:40:09.727' AS DateTime))
GO
INSERT [dbo].[Cart] ([CartId], [UserId], [BookId], [Quantity], [DateAdded], [IsActive], [UpdatedDate]) VALUES (18, 2, 1061, 1, CAST(N'2025-05-17T11:55:33.247' AS DateTime), 0, CAST(N'2025-05-17T11:55:33.247' AS DateTime))
GO
INSERT [dbo].[Cart] ([CartId], [UserId], [BookId], [Quantity], [DateAdded], [IsActive], [UpdatedDate]) VALUES (19, 2, 1061, 1, CAST(N'2025-05-17T11:55:34.117' AS DateTime), 0, CAST(N'2025-05-17T11:55:34.117' AS DateTime))
GO
INSERT [dbo].[Cart] ([CartId], [UserId], [BookId], [Quantity], [DateAdded], [IsActive], [UpdatedDate]) VALUES (20, 2, 1061, 1, CAST(N'2025-05-17T11:55:34.463' AS DateTime), 0, CAST(N'2025-05-17T11:55:34.463' AS DateTime))
GO
INSERT [dbo].[Cart] ([CartId], [UserId], [BookId], [Quantity], [DateAdded], [IsActive], [UpdatedDate]) VALUES (21, 2, 1061, 1, CAST(N'2025-05-17T11:55:34.687' AS DateTime), 0, CAST(N'2025-05-17T11:55:34.687' AS DateTime))
GO
INSERT [dbo].[Cart] ([CartId], [UserId], [BookId], [Quantity], [DateAdded], [IsActive], [UpdatedDate]) VALUES (22, 2, 1061, 1, CAST(N'2025-05-17T13:18:32.927' AS DateTime), 0, CAST(N'2025-05-17T13:18:32.927' AS DateTime))
GO
INSERT [dbo].[Cart] ([CartId], [UserId], [BookId], [Quantity], [DateAdded], [IsActive], [UpdatedDate]) VALUES (23, 2, 1061, 1, CAST(N'2025-05-17T13:18:33.490' AS DateTime), 0, CAST(N'2025-05-17T13:18:33.490' AS DateTime))
GO
INSERT [dbo].[Cart] ([CartId], [UserId], [BookId], [Quantity], [DateAdded], [IsActive], [UpdatedDate]) VALUES (24, 2, 1061, 1, CAST(N'2025-05-17T13:18:33.963' AS DateTime), 0, CAST(N'2025-05-17T13:18:33.963' AS DateTime))
GO
INSERT [dbo].[Cart] ([CartId], [UserId], [BookId], [Quantity], [DateAdded], [IsActive], [UpdatedDate]) VALUES (25, 2, 1035, 1, CAST(N'2025-05-17T19:30:37.873' AS DateTime), 1, CAST(N'2025-05-17T19:30:37.873' AS DateTime))
GO
INSERT [dbo].[Cart] ([CartId], [UserId], [BookId], [Quantity], [DateAdded], [IsActive], [UpdatedDate]) VALUES (26, 2, 1035, 1, CAST(N'2025-05-17T19:30:39.040' AS DateTime), 1, CAST(N'2025-05-17T19:30:39.040' AS DateTime))
GO
SET IDENTITY_INSERT [dbo].[Cart] OFF
GO
SET IDENTITY_INSERT [dbo].[BookTypes] ON 
GO
INSERT [dbo].[BookTypes] ([TypeId], [TypeName]) VALUES (2, N'Non-Fiction')
GO
INSERT [dbo].[BookTypes] ([TypeId], [TypeName]) VALUES (3, N'Fiction')
GO
INSERT [dbo].[BookTypes] ([TypeId], [TypeName]) VALUES (4, N'Fantasy')
GO
INSERT [dbo].[BookTypes] ([TypeId], [TypeName]) VALUES (5, N'Mystery')
GO
INSERT [dbo].[BookTypes] ([TypeId], [TypeName]) VALUES (6, N'Autobiography')
GO
INSERT [dbo].[BookTypes] ([TypeId], [TypeName]) VALUES (7, N'Kids')
GO
INSERT [dbo].[BookTypes] ([TypeId], [TypeName]) VALUES (8, N'Romance')
GO
INSERT [dbo].[BookTypes] ([TypeId], [TypeName]) VALUES (9, N'Thriller')
GO
INSERT [dbo].[BookTypes] ([TypeId], [TypeName]) VALUES (10, N'Poetry')
GO
SET IDENTITY_INSERT [dbo].[BookTypes] OFF
GO
SET IDENTITY_INSERT [dbo].[Wishlist] ON 
GO
INSERT [dbo].[Wishlist] ([WishlistId], [UserId], [BookId], [AddedOn]) VALUES (6, 2, 1060, CAST(N'2025-05-17T13:27:59.203' AS DateTime))
GO
SET IDENTITY_INSERT [dbo].[Wishlist] OFF
GO
